{
    "piece_off": 1294.509429910186,
    "win_bonus": 19170.244288348782,
    "progress_base": 77.34935866070768,
    "zone_multiplier": 1.9114122879375794,
    "happiness_bonus": 140.15355266987538,
    "water_penalty": -248.93639880960902,
    "special_house": 84.94077952560801,
    "protection": 64.74412688359956,
    "block": 77.35742359048456,
    "attack": 67.95687669038085,
    "flexibility": 7.631987268885202,
    "isolated_penalty": 13.45873835453753
}