{
    "piece_off": 1396.7568610806445,
    "progress": 105.01016541649119,
    "happiness": 74.93497080068703,
    "water": -224.02916074422788,
    "special_house": 56.86954437546278,
    "protection": 43.095083679188726,
    "block": 73.04789996886791,
    "attack": 43.647170686494576,
    "flexibility": 2.691015011123408,
    "isolated_penalty": 15.034386896571917
}