{
    "best_scores": [
        5.0,
        7.5,
        5.0,
        5.0,
        5.0,
        5.0,
        5.0,
        5.0,
        5.0,
        5.0,
        5.0,
        5.0,
        5.0,
        5.0,
        5.0,
        5.0,
        5.0,
        5.0,
        5.0,
        5.0
    ],
    "avg_scores": [
        5.0,
        5.166666666666667,
        4.933333333333334,
        4.966666666666667,
        5.0,
        5.0,
        5.0,
        5.0,
        5.0,
        5.0,
        4.966666666666667,
        5.0,
        5.0,
        5.0,
        5.0,
        4.933333333333334,
        4.933333333333334,
        4.966666666666667,
        4.966666666666667,
        5.0
    ],
    "diversity": [
        6028.543763483792,
        3413.508810467183,
        4267.081507641563,
        3874.498457345115,
        4216.239387153502,
        2686.9157088673287,
        2272.957312404913,
        2620.9356050129786,
        2956.5280950442407,
        2254.5480309620393,
        2143.099944947584,
        3123.5337697000414,
        2620.9792973756585,
        3144.1241907444783,
        2133.0831025255316,
        3342.716169786654,
        4300.172620501199,
        2308.163337797501,
        3171.2230224295618,
        2042.015072579344
    ],
    "final_weights": {
        "piece_off": 1294.509429910186,
        "win_bonus": 19170.244288348782,
        "progress_base": 77.34935866070768,
        "zone_multiplier": 1.9114122879375794,
        "happiness_bonus": 140.15355266987538,
        "water_penalty": -248.93639880960902,
        "special_house": 84.94077952560801,
        "protection": 64.74412688359956,
        "block": 77.35742359048456,
        "attack": 67.95687669038085,
        "flexibility": 7.631987268885202,
        "isolated_penalty": 13.45873835453753
    },
    "final_score": 7.5
}